time,frequency
6.06441,0
6.06491,0
6.06541,0
6.06592,0
6.06642,0
6.06692,0
6.06742,0
6.06792,13740.7
6.06842,13762.1
6.06893,13834.3
6.06943,13846.5
6.06993,13871.7
6.07043,13824.1
6.07093,14090.9
6.07143,13904.4
6.07194,14004.7
6.07244,13965.4
6.07294,0
6.07344,0
6.07394,0
6.07444,39028.2
6.07495,38503
6.07545,38077.1
6.07595,37859.2
6.07645,37670.8
6.07695,37607.1
6.07746,35109.9
6.07796,34103.9
6.07846,33462.7
6.07896,31953.1
6.07946,30531
6.07996,29514.2
6.08047,28086.4
6.08097,26867.4
6.08147,25945.6
6.08197,25336.2
6.08247,24097.9
6.08297,23394.5
6.08348,22885.9
6.08398,22512.4
6.08448,22213.1
6.08498,22317.9
6.0854799999999996,22225.4
6.08599,20311.6
6.08649,20062.9
6.08699,19614.7
6.08749,19381.6
6.08799,19004.6
6.08849,18518.9
6.089,18214.4
6.0895,18012.6
6.09,17587.1
6.0905,17581.5
6.091,16131
6.0915,15876.8
6.09201,15684.1
6.09251,15424.3
6.09301,15332.8
6.09351,15143.3
6.09401,15005.1
6.09452,15009.7
6.09502,14776.5
6.09552,14565.2
6.09602,14533.8
6.09652,14436.2
6.09702,14417.4
6.09753,14404.9
6.09803,14311.8
6.09853,14174.1
6.09903,14101.9
6.09953,14017.5
6.10003,13884.6
6.10054,13771.9
6.10104,13699.1
6.10154,13595.5
6.10204,13576.5
6.10254,13461.8
6.10305,13449.3
6.10355,13298.4
6.10405,13227.2
6.10455,13159.5
6.10505,13035
6.10555,13049.9
6.10606,12972
6.10656,12998.2
6.10706,12935.1
6.10756,13016.9
6.10806,13027.1
6.10856,12561.8
6.10907,12363.4
6.10957,12338.9
6.11007,12187
6.11057,12199.2
6.11107,11895
6.11158,12037.8
6.11208,11965.7
6.11258,12101.4
6.11308,12113.2
6.11358,12279.1
6.11408,20006.4
6.11459,19966.1
6.11509,19814
6.11559,19742.3
6.11609,19725.4
6.11659,19595.3
6.11709,19602.9
6.1176,19650.1
6.1181,19503.3
6.1186,19475.4
6.1191,19440.5
6.1196,19389.5
6.12011,19354.6
6.12061,19263.6
6.12111,19195.1
6.12161,19189.4
6.12211,19076.2
6.12261,19072.7
6.12312,19074.2
6.12362,19042.7
6.12412,18929.9
6.12462,18896.8
6.12512,18817.4
6.12562,18775.9
6.12613,18746.4
6.12663,18700.4
6.12713,18593.8
6.12763,18577.8
6.12813,18519.8
6.12864,18471.3
6.12914,18423.3
6.12964,18328.3
6.13014,18381.8
6.13064,18224.4
6.13114,18255.9
6.13165,18207
6.13215,18192.7
6.13265,17970.2
6.13315,17914.1
6.13365,17974.1
6.13415,17974
6.13466,18211.7
6.13516,18390.3
6.13566,18496.4
6.13616,18557.2
6.13666,18619
6.13717,18629.9
6.13767,18668.6
6.13817,18671.4
6.13867,18259.5
6.13917,27620.2
6.13967,18381.1
6.14018,18397.6
6.14068,18368.4
6.14118,18481
6.14168,17423.7
6.14218,17331.5
6.14268,17630
6.14319,17772.4
6.14369,18002.3
6.14419,18196.4
6.14469,18237.5
6.14519,0
6.1457,0
6.1462,0
6.1467,0
6.1472,0
6.1477,0
6.1482,0
6.1743,0
6.1748,0
6.1753,0
6.1758,0
6.1763,0
6.1768,0
6.17731,0
6.17781,0
6.17831,0
6.17881,0
6.17931,0
6.17981,0
6.18032,0
6.18082,0
6.18132,39944.1
6.18182,39949.3
6.18232,39932.3
6.18283,39997.5
6.18333,39999.8
6.18383,40091
6.18433,0
6.18483,38559.5
6.18533,38491.3
6.18584,38264.1
6.18634,38248.2
6.18684,38519.4
6.18734,38552.3
6.18784,38588.5
6.18834,38576.1
6.18885,38538
6.18935,38481.5
6.18985,38468.4
6.19035,27438.3
6.19085,26571
6.19136,25462
6.19186,24652.2
6.19236,23471.3
6.19286,22699.6
6.19336,22436.8
6.19386,22255.4
6.19437,22048.8
6.19487,21882.9
6.19537,21824.7
6.19587,21987.5
6.19637,21020.4
6.19687,20718
6.19738,20492
6.19788,20424.5
6.19838,20149.9
6.19888,19907
6.19938,21137.4
6.19989,21165.9
6.20039,21359.7
6.20089,21369.2
6.20139,21243.7
6.20189,21504.3
6.20239,21785.2
6.2029,15860.8
6.2034,15737.6
6.2039,15498.5
6.2044,15344.6
6.2049,15122.9
6.2054,14932.6
6.20591,14905.7
6.20641,14661.6
6.20691,14633.9
6.20741,14439.1
6.20791,14379
6.20842,14366.5
6.20892,14270.7
6.20942,14314.5
6.20992,14095.6
6.21042,14033.7
6.21092,13858.4
6.21143,13765.3
6.21193,13819.2
6.21243,13588.8
6.21293,13525.8
6.21343,13463.9
6.21393,13396.5
6.21444,13353.2
6.21494,13237.3
6.21544,13243.5
6.21594,13015
6.21644,13037.8
6.21695,13074.8
6.21745,12970.7
6.21795,12966
6.21845,12950.7
6.21895,13016.9
6.21945,12777.8
6.21996,12570.7
6.22046,12509.1
6.22096,12295.8
6.22146,12300.9
6.22196,12227.1
6.22246,12162.3
6.22297,12106.4
6.22347,11974.5
6.22397,12117.3
6.22447,12072.4
6.22497,12048.8
6.22548,11605.3
6.22598,11237
6.22648,11291.5
6.22698,10904.7
6.22748,11389.6
6.22798,11328.4
6.22849,11425.2
6.22899,29654.1
6.22949,29535
6.22999,29475.2
6.23049,29403.7
6.23099,29313.5
6.2315,29295.8
6.232,29353.1
6.2325,29213.1
6.233,29097.7
6.2335,28958.9
6.23401,28738.3
6.23451,28673.7
6.23501,28470.8
6.23551,28443.3
6.23601,28337.5
6.23651,28400.4
6.23702,28329.3
6.23752,28360.1
6.23802,28298.5
6.23852,28259.5
6.23902,28200.8
6.23952,28012.6
6.24003,28029.3
6.24053,27973.6
6.24103,27848.2
6.24153,27769.2
6.24203,27801.6
6.24254,27795.7
6.24304,27687.8
6.24354,27617.5
6.24404,27772
6.24454,27706.3
6.24504,27680
6.24555,27603.3
6.24605,27411.4
6.24655,27460.6
6.24705,27599.3
6.24755,27723.5
6.24805,27918.6
6.24856,27798.9
6.24906,27906.8
6.24956,27904.4
6.25006,27869.3
6.25056,27928.7
6.25106,27783.2
6.25157,27752
6.25207,27758.2
6.25257,27889.3
6.25307,27840.4
6.25357,27848.7
6.25408,28069.9
6.25458,18047.5
6.25508,0
6.25558,0
6.25608,0
6.25658,0
6.25709,0
6.25759,0
6.25809,0
6.25859,17970.8
6.25909,18009.1
6.25959,17971.1
6.2601,17950.4
6.2606,17951.5
6.2611,17945.2
6.2616,18011.8
6.2621,18022.6
6.26261,18136.6
6.26311,18108.3
6.26261,18136.6
6.26311,18108.3
6.26361,0
6.26411,0
6.26461,0
6.26511,0
6.26562,0
6.26612,0
6.26662,0
6.26712,0
6.26762,0
6.26812,0
6.26863,0
6.26913,0
6.26963,0
6.27013,0
6.27063,0
6.27114,0
6.27164,0
6.27214,11796.6
6.27264,11975
6.27314,12196.9
6.27364,12334.9
6.27415,12575.4
6.27465,12962.6
6.27515,13213.1
6.27565,13253.2
6.27615,13394.9
6.27665,13270.2
6.27716,13295.4
6.27766,13296.2
6.27816,13406.3
6.27866,13433.8
6.27916,13471.4
6.27967,13593.4
6.28017,13552.5
6.28067,13575.9
6.28117,13590.1
6.28167,13466.8
6.28217,13537.1
6.28268,13555.2
6.28318,13546.8
6.28368,13537.8
6.28418,13565.9
6.28468,13685.2
6.28518,13753.4
6.28569,13785.7
6.28619,13773.4
6.28669,13840.1
6.28719,13845.5
6.28769,13930.7
6.2882,0
6.2887,0
6.2892,0
6.2897,0
6.2902,0
6.2907,0
6.29121,0
6.29171,0
6.29221,0
6.29271,0
6.29321,0
6.29371,0
6.28569,13785.7
6.28619,13773.4
6.28669,13840.1
6.28719,13845.5
6.28769,13930.7
6.2882,0
6.2887,0
6.2892,0
6.2897,0
6.2902,0
6.2907,0
6.29121,0
6.29171,0
6.29221,0
6.29271,0
6.29321,0
6.29371,0
6.29422,0
6.29472,0
6.29522,37954.1
6.29572,38634.7
6.29622,37803.3
6.29673,37577.2
6.29723,37497.8
6.29773,37343.4
6.29823,37463.7
6.29873,37828.3
6.29923,37707.3
6.29974,37641.1
6.30024,37752
6.30074,37643.4
6.30124,37592.1
6.30174,36850
6.30224,27259.2
6.30275,26719.4
6.30325,26480.9
6.30375,25582.4
6.30425,24731
6.30475,23871.3
6.30526,23266.4
6.30576,22941.1
6.30626,22813.6
6.30676,22560.9
6.30726,22249.2
6.30776,22185.8
6.30827,22056.7
6.30877,0
6.30927,0
6.30977,0
6.31027,0
6.31077,0
6.31128,0
6.31178,0
6.31228,0
6.31278,0
6.31328,0
6.31379,0
6.31429,0
6.31479,15989.6
6.31529,15831.3
6.31579,15707.9
6.31629,15552.4
6.3168,15306.2
6.3173,15144.2
6.3178,14977.5
6.3183,14934.5
6.3188,14672.4
6.3193,14565.3
6.31981,14458.9
6.32031,14377.7
6.32081,14369.4
6.32131,14284.4
6.32181,14258.8
6.32232,14066.7
6.32282,14023.9
6.32332,13870.8
6.32382,13770.5
6.32432,13779.6
6.32482,13583.5
6.32533,13555.4
6.32583,13480.5
6.32633,13410.8
6.32683,13411.9
6.32733,13245.2
6.32783,13253.4
6.32834,13018
6.32884,13034.1
6.32934,13049
6.32984,12969
6.33034,12960.6
6.33085,12945.3
6.33135,12953.5
6.33185,12828
6.33235,12625.7
6.33285,12607.1
6.33335,12383
6.33386,12256.7
6.33436,12266.2
6.33486,12182.9
6.33536,12147.1
6.33586,12167.8
6.33636,12109.7
6.33687,12137.8
6.33737,12042.9
6.33787,11888.2
6.33837,11539.3
6.33887,11205.5
6.33937,10753.9
6.33988,10798.4
6.34038,30183.3
6.34088,30050.2
6.34138,29939.2
6.34188,29797.3
6.34239,29671.4
6.34289,29609.7
6.34339,29516.3
6.34389,29579.3
6.34439,29482.1
6.34489,29511.6
6.3454,29417.6
6.3459,29130.6
6.3464,29124.2
6.3469,28851.8
6.3474,28805.4
6.3479,28636.2
6.34841,28630.2
6.34891,28442
6.34941,28528.6
6.34991,28473.8
6.35041,28393.4
6.35092,28341.5
6.35142,28395.2
6.35192,28211.8
6.35242,28229.6
6.35292,28071.7
6.35342,27876.9
6.35393,27865.5
6.35443,27701.5
6.35493,27910.1
6.35543,27763.3
6.35593,27868.8
6.35643,27938.6
6.35694,27727.4
6.35744,27712.1
6.35794,27544.3
6.35844,27824.4
6.35894,27852.9
6.35945,27963.3
6.35995,27904.2
6.36045,27862.5
6.36095,27940.1
6.36145,27909.4
6.36195,27885.4
6.36246,27764.9
6.36296,18653.5
6.36346,18534.2
6.36396,18516.8
6.36446,18599.4
6.36496,18897.3
6.36547,18944.8
6.36597,19010.2
6.36647,19104.3
6.36697,19132.9
6.36747,0
6.36798,0
6.36848,0
6.36898,0
6.36948,0
6.36998,0
6.37048,0
6.37099,0
6.37149,0
6.37199,0
6.37249,0
6.37299,0
6.37349,0
6.374,0
6.375,0
6.3755,0
6.376,0
6.37651,0
6.37701,0
6.37751,0
6.37801,0
6.37851,0
6.37901,0
6.37952,0
6.38002,0
6.38052,0
6.38102,0
6.38152,0
6.38202,0
6.38253,0
6.38303,0
6.38353,0
6.38403,0
6.38453,0
6.38504,0
6.38554,13684.7
6.38604,13791.3
6.38654,13996.5
6.38704,13864.8
6.38754,14016.8
6.38805,13746
6.38855,13784.6
6.38905,13832.3
6.38955,13761.7
6.39005,14038.2
6.39055,14268.3
6.39106,13869.9
6.39156,13957.3
6.39206,14030.7
6.39256,14076.5
6.39306,14116.3
6.39357,14053.9
6.39407,14191
6.39457,13858.6
6.39507,0
6.39557,0
6.39607,0
6.39658,0
6.39708,0
6.39758,0
6.39808,0
6.39858,0
6.39908,0
6.39959,0
6.40009,0
6.39808,0
6.39858,0
6.39908,0
6.39959,0
6.40009,0
6.40059,0
6.40109,0
6.40159,0
6.4021,0
6.4026,0
6.4031,0
6.4036,0
6.4041,0
6.4046,0
6.40511,0
6.40561,0
6.40611,0
6.40661,0
6.40711,0
6.40761,0
6.40812,0
6.40862,0
6.40912,0
6.40962,0
6.41012,0
6.41063,0
6.41113,0
6.41163,0
6.41213,33905.7
6.41263,32810.6
6.41313,31966.6
6.41364,31002.2
6.41414,29704
6.41464,28349.1
6.41514,27529
6.41564,26466.5
6.41614,25481.3
6.41665,24873.7
6.41715,24062.9
6.41765,23062.4
6.41815,22846.4
6.41865,22581.3
6.41915,22362.6
6.41966,22166.4
6.42016,22200.9
6.42066,22158.2
6.42116,20720.7
6.42166,20288.5
6.42217,19850.1
6.42267,19576.2
6.42317,19350.7
6.42367,19056.1
6.42417,18704.5
6.42467,18575.5
6.42518,18360
6.42568,18228.1
6.42618,18138.8
6.42668,17790.6
6.42718,17541.4
6.42768,17944
6.42819,15890.8
6.42869,15844.3
6.42919,15625.5
6.42969,15395.5
6.43019,15139
6.4307,15005.9
6.4312,14921.3
6.4317,14903.5
6.4322,14660.5
6.4327,14448.5
6.4332,14356.6
6.43371,14294
6.43421,14250.9
6.43471,14191.9
6.43521,13948.7
6.43571,13810.9
6.43621,13766.9
6.43672,13648.8
6.43722,13565.5
6.43772,13476.8
6.43822,13438.8
6.43872,13341.8
6.43923,13158
6.43973,13155.9
6.44023,13105.8
6.44073,12927
6.44123,12892.2
6.44173,12929.5
6.44224,12878.1
6.44274,12836.2
6.44324,12835.3
6.44374,12694.2
6.44424,12327
6.44474,12310
6.44525,12230.6
6.44575,12313.5
6.44625,12222
6.44675,12122.6
6.44725,12158.4
6.44776,12133.6
6.44826,12043.5
6.44876,12124
6.44926,11831.8
6.44976,11706.8
6.45026,11523.6
6.45077,11532.5
6.45127,11318.4
6.45177,11187.8
6.45227,11377
6.45277,11478.5
6.45327,30027.1
6.45378,29911.1
6.45428,29780.5
6.45478,29687.8
6.45528,29596.4
6.45578,29552.8
6.45629,29527.3
6.45679,29519.3
6.45729,29422.8
6.45779,29334.8
6.45829,29281.4
6.45879,29144.9
6.4593,29057.4
6.4598,28869.6
6.4603,28868.8
6.4608,28720.4
6.4613,28685.3
6.4618,28636.6
6.4623100000000004,28601.3
6.46281,28544.5
6.46331,28503
6.46381,28503.8
6.46431,28477.5
6.46482,28385.6
6.46532,28340.4
6.46582,28403.9
6.46632,28189.8
6.46682,28206.8
6.46732,27998.7
6.46783,28064.7
6.46833,28041.9
6.46883,27982.2
6.46933,27967
6.46983,27959.7
6.47033,27968.2
6.47084,28072.8
6.47134,27929.4
6.47184,27952.2
6.47234,27992.2
6.47284,28044.9
6.47335,28028.9
6.47385,27977.4
6.47435,28020
6.47485,27939.1
6.47535,27876.4
6.47585,27955.9
6.47636,27844.2
6.47686,27745.3
6.47736,28195.8
6.47786,27638.8
6.47836,27925.1
6.47886,27622.1
6.47937,27508.7
6.47987,28635.7
6.48037,28291.4
6.48087,18968.4
6.48137,18778.6
6.48188,18815.5
6.48238,18149.1
6.48288,17904.5
6.48338,0
6.48388,0
6.48438,0
6.48489,0
6.48539,0
6.48589,0
6.48639,0
6.48689,0
6.48739,0
6.4879,0
6.4884,0
6.4889,0
6.4894,0
6.50997,0
6.51048,0
6.51098,0
6.51148,0
6.51198,0
6.51248,0
6.51298,0
6.51349,0
6.51399,0
6.51449,0
6.51499,0
6.51549,0
6.51599,0
6.5165,0
6.517,0
6.5175,0
6.518,37070.6
6.5185,36830.4
6.51901,36960.1
6.51951,37070.3
6.52001,38214.4
6.52051,38418.1
6.52101,38456.5
6.52151,37599.7
6.52202,37811.5
6.52252,37474.8
6.52302,37385.9
6.52352,37771.4
6.52402,34873.9
6.52452,33903
6.52503,32795.9
6.52553,31985
6.52603,31388.3
6.52653,30461.6
6.52703,29272.5
6.52754,28614.3
6.52804,27316.8
6.52854,26570.2
6.52904,25740.2
6.52954,24785.9
6.53004,23808.2
6.53055,22971.3
6.53105,22818.3
6.53155,22599.6
6.53205,22336.5
6.53255,22108.2
6.53305,22061.4
6.53356,20974.8
6.53406,20508.2
6.53456,20284.6
6.53506,0
6.53556,0
6.53607,0
6.53657,0
6.53707,0
6.53757,0
6.53807,0
6.53857,0
6.53908,0
6.53958,0
6.54008,0
6.54058,15928.8
6.54108,15751.7
6.54158,15442.9
6.54209,15375.5
6.54259,15165.1
6.54309,15049
6.54359,15040.8
6.54409,14807.2
6.5446,14684.7
6.5451,14528.7
6.5456,14490.3
6.5461,14474
6.5466,14386.2
6.5471,14386.9
6.54761,14175.1
6.54811,14119.6
6.54861,13980.9
6.54911,13852.2
6.54961,13759.6
6.55011,13661.2
6.55062,13539
6.55112,13571.8
6.55162,13436.9
6.55212,13447
6.55262,13326.5
6.55313,13243.7
6.55363,13163.1
6.55413,13044.5
6.55463,13040.7
6.55513,13032.6
6.55563,13023.6
6.55614,12967.8
6.55664,12955
6.55714,12930.7
6.55764,12813.7
6.55814,12674.3
6.55864,12792
6.55915,12459
6.55965,12307.8
6.56015,12317.3
6.56065,12184.3
6.56115,12155.6
6.56166,12157
6.56216,12121.5
6.56266,12153.3
6.56316,12079.5
6.56366,11975.1
6.56416,11591.9
6.56467,11171.2
6.56517,23720
6.56567,30491.4
6.56617,30343.4
6.56667,30258.1
6.56717,30120
6.56768,29966
6.56818,29783.8
6.56868,29672
6.56918,29574.2
6.56968,29560.3
6.57019,29541.7
6.57069,29570.5
6.57119,29404.2
6.57169,29226.6
6.57219,29159.1
6.57269,28969.8
6.5732,28751.7
6.5737,28651
6.5742,28579.1
6.5747,28468.5
6.5752,28440.9
6.5757,28437
6.57621,28379.8
6.57671,28396.1
6.57721,28398.7
6.57771,28311
6.57821,28291.2
6.57872,28132.2
6.57922,28079.3
6.57972,28018.7
6.58022,28082.6
6.58072,27777.1
6.58122,27808
6.58173,27844.8
6.58223,27883.9
6.58273,27951.3
6.58323,27911.9
6.58373,27863.8
6.58423,27645.1
6.58474,27658.7
6.58524,27749.8
6.58574,27728.9
6.58624,27824.3
6.58674,27854.6
6.58725,27880.1
6.58775,27937.4
6.58825,27874.9
6.58875,27923
6.58925,27874.2
6.58975,27959.4
6.59026,27896.3
6.59076,27835.5
6.59126,27736.8
6.59176,27832.6
6.59226,27983.5
6.59276,18484.1
6.59327,17728.8
6.59377,18120
6.59427,0
6.59477,0
6.59527,0
6.59577,0
6.59628,0
6.59678,0
6.59728,40142.2
6.59778,40223
6.59828,40103.3
6.59879,40288
6.59929,40205.5
6.59979,40413.3
6.60029,40444.1
6.60079,41955.8
6.60129,41981.9
6.6018,39876
6.62488,0
6.62538,0
6.62588,0
6.62638,0
6.62688,0
6.62739,0
6.62789,0
6.62839,0
6.62889,0
6.62939,0
6.62989,0
6.6304,0
6.6309,0
6.6314,0
6.6319,0
6.6324,0
6.63291,0
6.63341,0
6.63391,0
6.63441,0
6.63491,39572.9
6.63541,38022.5
6.63592,38051.6
6.63642,37721.9
6.63692,37784.8
6.63742,37580.7
6.63792,37829.4
6.63842,37992.8
6.63893,37917.4
6.63943,37888.6
6.63993,37952.6
6.64043,37894
6.64093,37890.8
6.64144,37262.8
6.64194,27559.4
6.64244,27050.7
6.64294,26018.8
6.64344,25669.5
6.64394,24780.6
6.64445,23558.7
6.64495,22974.8
6.64545,22655.5
6.64595,22391.9
6.64645,22050.2
6.64695,21978.7
6.64746,21648
6.64796,21343.3
6.64846,20813.4
6.64896,20494.8
6.64946,20516.5
6.64997,20330.4
6.65047,0
6.65097,19590.7
6.65147,19150.7
6.65197,18808.8
6.65247,0
6.65298,0
6.65348,0
6.65398,0
6.65448,0
6.65498,0
6.65548,0
6.65599,0
6.65649,0
6.65699,15918.4
6.65749,15780.1
6.65799,15696.4
6.6585,15414
6.659,15220.9
6.6595,15134
6.66,15010.7
6.6605,14873.4
6.661,14564.3
6.66151,14484.9
6.66201,14353.4
6.66251,14346.2
6.66301,14310.6
6.66351,14237.4
6.66401,14069
6.6645200000000004,13996.5
6.66502,13855.4
6.66552,13817.2
6.66602,13715.9
6.66652,13538.9
6.66703,13556.6
6.66753,13486.4
6.66803,13336.5
6.66853,13225.8
6.66903,13160.4
6.66953,13124.2
6.67004,12910.9
6.67054,13026.1
6.67104,12943.6
6.67154,12887.8
6.67204,12877.2
6.67254,12930.9
6.67305,12948.3
6.67355,12572.7
6.67405,12608.9
6.67455,12374.1
6.67505,12289.6
6.67556,12311.9
6.67606,12160
6.67656,12193.9
6.67706,12180.3
6.67756,12166.7
6.67806,12072.6
6.67857,12089.4
6.67907,11840
6.67957,11659
6.68007,11390
6.68057,11388.5
6.68107,11241.6
6.68158,11099.4
6.68208,30332.6
6.68258,30194.4
6.68308,30047
6.68358,29842.9
6.68408,29640.4
6.68459,29533.5
6.68509,29492.4
6.68559,29427.7
6.68609,29471.3
6.68659,29427.3
6.6871,29415
6.6876,29336.9
6.6881,29155.3
6.6886,29026.2
6.6891,28874.6
6.6896,28848.2
6.69011,28701.9
6.69061,28677.3
6.69111,28580.2
6.69161,28615.6
6.69211,28510.2
6.69261,28509.5
6.69312,28473.9
6.69362,28439.7
6.69412,28395
6.69462,28278.7
6.69512,28275.2
6.69563,28131.6
6.69613,28113.1
6.69663,27976
6.69713,28006.8
6.69763,27935.1
6.69813,27909.2
6.69864,27866.8
6.69914,27913.3
6.69964,27981.6
6.70014,27887.6
6.70064,27861.3
6.70114,27620.8
6.70165,27936.5
6.70215,28005.4
6.70265,27905.7
6.70315,28007.1
6.70365,27989.1
6.70416,27850.4
6.70466,28022.8
6.70516,27952
6.70566,27866
6.70616,27715.2
6.70666,27806.5
6.70717,27730
6.70767,27661.2
6.70817,27661.5
6.70867,18955.4
6.70917,18827
6.70967,18811.5
6.71018,18694.4
6.71068,18770.5
6.71118,0
6.71168,0
6.71218,0
6.71269,0
6.71319,0
6.71369,0
6.71419,0
6.71469,18605.6
6.71519,18580
6.7157,18600.4
6.7162,18540.1
6.7167,18634.4
6.7172,18553.3
6.7177,18491.7
6.73727,0
6.73777,0
6.73828,0
6.73878,0
6.73928,0
6.73978,0
6.74028,0
6.74078,0
6.74129,0
6.74179,35904.7
6.74229,35928
6.74279,35774.2
6.74329,35731
6.74379,35738.9
6.7443,35816
6.7448,35858.6
6.7453,35871.9
6.7458,35856.7
6.7463,35906.6
6.74681,36103.5
6.74731,0
6.74781,37365.3
6.74831,37827.3
6.74881,37930.1
6.74931,37976.2
6.74982,37897.2
6.75032,37693.7
6.75082,37457.5
6.75132,37350.8
6.75182,37156.7
6.75232,37458.5
6.75283,37543.2
6.75333,37579.3
6.75383,37476.2
6.75433,37384.4
6.75483,37127
6.75534,37092.4
6.75584,36893.6
6.75634,36656.9
6.75684,0
6.75734,24444.3
6.75784,23391.4
6.75835,22965.4
6.75885,22635.4
6.75935,22377.1
6.75985,22159.2
6.76035,22114.7
6.76085,21782.8
6.76136,21514.5
6.76186,20960.1
6.76236,20611.3
6.76286,20341.9
6.76336,20332.9
6.76386,0
6.76437,19847.7
6.76487,19765.7
6.76537,19580.3
6.76587,19425.2
6.76637,0
6.76688,0
6.76738,0
6.76788,0
6.76838,0
6.76888,0
6.76938,16464.3
6.76989,16120.8
6.77039,15856.8
6.77089,15733.4
6.77139,15489
6.77189,15139
6.77239,14934.6
6.7729,14863.3
6.7734,14822.3
6.7739,14561.6
6.7744,14433.3
6.7749,14348.5
6.77541,14342.2
6.77591,14290.1
6.77641,14292.8
6.77691,14130.9
6.77741,14112
6.77791,13986.9
6.77842,13879.4
6.77892,13810.5
6.77942,13725.9
6.77992,13623.5
6.78042,13629.4
6.78092,13482.2
6.78143,13475.3
6.78193,13332.4
6.78243,13242.8
6.78293,13185.5
6.78343,13034.2
6.78394,13032.7
6.78444,12952.8
6.78494,12979.1
6.78544,12941.5
6.78594,12974.5
6.78644,12984
6.78695,12737
6.78745,12680.2
6.78795,12563.8
6.78845,12385.2
6.78895,12336.3
6.78945,12324.5
6.78996,12174.7
6.79046,12188
6.79096,12172.1
6.79146,12157.4
6.79196,12088.5
6.79247,12071.1
6.79297,11861.2
6.79347,11644.7
6.79397,11373.7
6.79447,11434.5
6.79497,11158.9
6.79548,11009.4
6.79598,10820.4
6.79648,10717
6.79698,10362.7
6.79748,10234.4
6.79798,10116.9
6.79849,10103.8
6.79899,10099.8
6.79949,10074.7
6.79999,10144.4
6.80049,10116.2
6.801,10124.9
6.8015,10127.6
6.802,10263.9
6.8025,10303.6
6.803,10309
6.8035,28876.3
6.80401,28890.9
6.80451,28764.8
6.80501,28667.3
6.80551,28573.1
6.80601,28567.7
6.80651,28553.3
6.80702,28456.6
6.80752,28333.8
6.80802,28406.7
6.80852,28314.5
6.80902,28219.7
6.80953,28245.2
6.81003,28139.7
6.81053,28083.2
6.81103,27967.6
6.81153,27990
6.81203,27903.3
6.81254,27834.6
6.81304,27897.9
6.81354,27925.2
6.81404,28023.1
6.81454,27913.3
6.81504,27885.1
6.81555,27679.6
6.81605,27867.9
6.81655,28052.2
6.81705,28007.8
6.81755,28011.1
6.81806,27960.3
6.81856,27933.6
6.81906,28038.1
6.81956,27925.9
6.82006,27975.7
6.82056,27873.2
6.82107,27951.4
6.82157,27912.7
6.82207,27881.5
6.82257,18655
6.82307,18933.4
6.82357,18958.5
6.82408,19011
6.82458,0
6.82508,0
6.82558,17569
6.82608,17618.3
6.82659,17589.1
6.82709,18164
6.82759,18516.7
6.82809,18536.9
6.82859,18441.9
6.82909,18430
6.8296,18424.7
6.8301,18498.8
6.8306,18468.6
6.8311,18423.4
6.8316,18589.5
6.8321,18439.5
6.85569,0
6.85619,0
6.85669,0
6.85719,0
6.85769,0
6.8582,0
6.8587,0
6.8592,0
6.8597,0
6.8602,0
6.8607,0
6.86121,0
6.86171,0
6.86221,0
6.86271,0
6.86321,0
6.86372,0
6.86422,0
6.86472,0
6.86522,0
6.86572,36802.5
6.86622,37747.5
6.8667299999999996,37869
6.86723,37858.5
6.86773,37850.1
6.86823,37717.5
6.86873,38015
6.86923,38057.8
6.86974,38107.2
6.87024,38134.2
6.87074,38157.7
6.87124,38143.4
6.87174,38102.6
6.87225,36831.1
6.87275,36686.6
6.87325,26875.2
6.87375,26226.2
6.87425,25656.2
6.87475,24686.3
6.87526,24022.5
6.87576,23190.3
6.87626,22945.5
6.87676,22789.8
6.87726,22582.7
6.87776,22278
6.87827,22147.5
6.87877,22025.4
6.87927,21144.3
6.87977,20819.4
6.88027,0
6.88078,0
6.88128,0
6.88178,0
6.88228,0
6.88278,0
6.88328,0
6.88379,0
6.88429,0
6.88479,0
6.88529,33368.9
6.88579,16003.2
6.88629,15899.2
6.8868,15750.4
6.8873,15410.1
6.8878,15181.9
6.8883,15018.5
6.8888,14887.8
6.88931,14813.4
6.88981,14678
6.89031,14505.3
6.89081,14471.2
6.89131,14448.8
6.89181,14379.9
6.89232,14424.1
6.89282,14356.3
6.89332,14215
6.89382,14206.7
6.89432,14113.7
6.89482,14043.9
6.89533,14053.4
6.89583,13967.2
6.89633,13879.3
6.89683,13850.4
6.89733,13801.3
6.89784,13711
6.89834,13679.6
6.89884,13629.8
6.89934,13581.7
6.89984,13653.7
6.90034,13385.1
6.90085,13239.1
6.90135,13168.3
6.90185,13137.2
6.90235,13150.2
6.90285,13020.4
6.90335,13021
6.90386,13033
6.90436,13004.4
6.90486,12926
6.90536,12718.1
6.90586,12524.5
6.90637,12421.5
6.90687,12325.3
6.90737,12335.2
6.90787,12268
6.90837,12202.1
6.90887,12141.5
6.90938,12258.7
6.90988,12097.2
6.91038,12120.7
6.91088,11975.3
6.91138,11708.1
6.91188,11574.9
6.91239,11459.4
6.91289,11439.1
6.91339,11331.6
6.91389,11380.2
6.91439,11114
6.9149,11467.7
6.9154,30038.9
6.9159,29916.1
6.9164,29798.3
6.9169,29734.4
6.9174,29629.9
6.91791,29589.3
6.91841,29491.3
6.91891,29487.8
6.91941,29476
6.91991,29398.1
6.92041,29367.1
6.92092,29271.2
6.92142,29131.2
6.92192,29062.4
6.92242,28971.5
6.92292,28923.4
6.92343,28840.4
6.92393,28690.7
6.92443,28731.9
6.92493,28727.9
6.92543,28718.7
6.92593,28613.9
6.92644,28498.2
6.92694,28511.1
6.92744,28538.1
6.92794,28436.6
6.92844,28385.3
6.92894,28335.6
6.92945,28286.5
6.92995,28274.3
6.9304500000000004,28210.2
6.93095,28155.6
6.93145,28079.8
6.93196,28113.8
6.93246,28099.6
6.93296,28072
6.93346,28032.1
6.93396,28060.2
6.93446,28077.6
6.93497,27959.5
6.93547,27931.9
6.93597,27981.2
6.93647,28170.1
6.93697,28076.8
6.93747,27973.1
6.93798,28081.3
6.93848,28105.3
6.93898,27906.8
6.93948,27971.6
6.93998,27975.6
6.94048,27968.8
6.94099,27883.4
6.94149,27995.2
6.94199,27880.4
6.94249,27911.4
6.94299,18841.2
6.9435,19002.9
6.944,18938.9
6.9445,18937
6.945,18949.3
6.9455,18811.6
6.946,18919.4
6.94651,18083.2
6.94701,29744.9
6.94751,29839.5
6.94801,29723.5
6.94851,29854.1
6.94901,29952.9
6.94952,30024.5
6.95002,30088.9
6.95052,30085.6
6.95102,30194.8
6.95152,30270.6
6.95203,30099.5
6.95253,30267.6
6.95303,30171.7
